name;firstname;username;email;roles;groups
testperfs.learner.1901;testperfs.learner.1901;testperfs.learner.1901;testperfs.learner.1901@noemail.net;Learner;testperfs.learners
testperfs.learner.1902;testperfs.learner.1902;testperfs.learner.1902;testperfs.learner.1902@noemail.net;Learner;testperfs.learners
testperfs.learner.1903;testperfs.learner.1903;testperfs.learner.1903;testperfs.learner.1903@noemail.net;Learner;testperfs.learners
testperfs.learner.1904;testperfs.learner.1904;testperfs.learner.1904;testperfs.learner.1904@noemail.net;Learner;testperfs.learners
testperfs.learner.1905;testperfs.learner.1905;testperfs.learner.1905;testperfs.learner.1905@noemail.net;Learner;testperfs.learners
testperfs.learner.1906;testperfs.learner.1906;testperfs.learner.1906;testperfs.learner.1906@noemail.net;Learner;testperfs.learners
testperfs.learner.1907;testperfs.learner.1907;testperfs.learner.1907;testperfs.learner.1907@noemail.net;Learner;testperfs.learners
testperfs.learner.1908;testperfs.learner.1908;testperfs.learner.1908;testperfs.learner.1908@noemail.net;Learner;testperfs.learners
testperfs.learner.1909;testperfs.learner.1909;testperfs.learner.1909;testperfs.learner.1909@noemail.net;Learner;testperfs.learners
testperfs.learner.1910;testperfs.learner.1910;testperfs.learner.1910;testperfs.learner.1910@noemail.net;Learner;testperfs.learners
testperfs.learner.1911;testperfs.learner.1911;testperfs.learner.1911;testperfs.learner.1911@noemail.net;Learner;testperfs.learners
testperfs.learner.1912;testperfs.learner.1912;testperfs.learner.1912;testperfs.learner.1912@noemail.net;Learner;testperfs.learners
testperfs.learner.1913;testperfs.learner.1913;testperfs.learner.1913;testperfs.learner.1913@noemail.net;Learner;testperfs.learners
testperfs.learner.1914;testperfs.learner.1914;testperfs.learner.1914;testperfs.learner.1914@noemail.net;Learner;testperfs.learners
testperfs.learner.1915;testperfs.learner.1915;testperfs.learner.1915;testperfs.learner.1915@noemail.net;Learner;testperfs.learners
testperfs.learner.1916;testperfs.learner.1916;testperfs.learner.1916;testperfs.learner.1916@noemail.net;Learner;testperfs.learners
testperfs.learner.1917;testperfs.learner.1917;testperfs.learner.1917;testperfs.learner.1917@noemail.net;Learner;testperfs.learners
testperfs.learner.1918;testperfs.learner.1918;testperfs.learner.1918;testperfs.learner.1918@noemail.net;Learner;testperfs.learners
testperfs.learner.1919;testperfs.learner.1919;testperfs.learner.1919;testperfs.learner.1919@noemail.net;Learner;testperfs.learners
testperfs.learner.1920;testperfs.learner.1920;testperfs.learner.1920;testperfs.learner.1920@noemail.net;Learner;testperfs.learners
testperfs.learner.1921;testperfs.learner.1921;testperfs.learner.1921;testperfs.learner.1921@noemail.net;Learner;testperfs.learners
testperfs.learner.1922;testperfs.learner.1922;testperfs.learner.1922;testperfs.learner.1922@noemail.net;Learner;testperfs.learners
testperfs.learner.1923;testperfs.learner.1923;testperfs.learner.1923;testperfs.learner.1923@noemail.net;Learner;testperfs.learners
testperfs.learner.1924;testperfs.learner.1924;testperfs.learner.1924;testperfs.learner.1924@noemail.net;Learner;testperfs.learners
testperfs.learner.1925;testperfs.learner.1925;testperfs.learner.1925;testperfs.learner.1925@noemail.net;Learner;testperfs.learners
testperfs.learner.1926;testperfs.learner.1926;testperfs.learner.1926;testperfs.learner.1926@noemail.net;Learner;testperfs.learners
testperfs.learner.1927;testperfs.learner.1927;testperfs.learner.1927;testperfs.learner.1927@noemail.net;Learner;testperfs.learners
testperfs.learner.1928;testperfs.learner.1928;testperfs.learner.1928;testperfs.learner.1928@noemail.net;Learner;testperfs.learners
testperfs.learner.1929;testperfs.learner.1929;testperfs.learner.1929;testperfs.learner.1929@noemail.net;Learner;testperfs.learners
testperfs.learner.1930;testperfs.learner.1930;testperfs.learner.1930;testperfs.learner.1930@noemail.net;Learner;testperfs.learners
testperfs.learner.1931;testperfs.learner.1931;testperfs.learner.1931;testperfs.learner.1931@noemail.net;Learner;testperfs.learners
testperfs.learner.1932;testperfs.learner.1932;testperfs.learner.1932;testperfs.learner.1932@noemail.net;Learner;testperfs.learners
testperfs.learner.1933;testperfs.learner.1933;testperfs.learner.1933;testperfs.learner.1933@noemail.net;Learner;testperfs.learners
testperfs.learner.1934;testperfs.learner.1934;testperfs.learner.1934;testperfs.learner.1934@noemail.net;Learner;testperfs.learners
testperfs.learner.1935;testperfs.learner.1935;testperfs.learner.1935;testperfs.learner.1935@noemail.net;Learner;testperfs.learners
testperfs.learner.1936;testperfs.learner.1936;testperfs.learner.1936;testperfs.learner.1936@noemail.net;Learner;testperfs.learners
testperfs.learner.1937;testperfs.learner.1937;testperfs.learner.1937;testperfs.learner.1937@noemail.net;Learner;testperfs.learners
testperfs.learner.1938;testperfs.learner.1938;testperfs.learner.1938;testperfs.learner.1938@noemail.net;Learner;testperfs.learners
testperfs.learner.1939;testperfs.learner.1939;testperfs.learner.1939;testperfs.learner.1939@noemail.net;Learner;testperfs.learners
testperfs.learner.1940;testperfs.learner.1940;testperfs.learner.1940;testperfs.learner.1940@noemail.net;Learner;testperfs.learners
testperfs.learner.1941;testperfs.learner.1941;testperfs.learner.1941;testperfs.learner.1941@noemail.net;Learner;testperfs.learners
testperfs.learner.1942;testperfs.learner.1942;testperfs.learner.1942;testperfs.learner.1942@noemail.net;Learner;testperfs.learners
testperfs.learner.1943;testperfs.learner.1943;testperfs.learner.1943;testperfs.learner.1943@noemail.net;Learner;testperfs.learners
testperfs.learner.1944;testperfs.learner.1944;testperfs.learner.1944;testperfs.learner.1944@noemail.net;Learner;testperfs.learners
testperfs.learner.1945;testperfs.learner.1945;testperfs.learner.1945;testperfs.learner.1945@noemail.net;Learner;testperfs.learners
testperfs.learner.1946;testperfs.learner.1946;testperfs.learner.1946;testperfs.learner.1946@noemail.net;Learner;testperfs.learners
testperfs.learner.1947;testperfs.learner.1947;testperfs.learner.1947;testperfs.learner.1947@noemail.net;Learner;testperfs.learners
testperfs.learner.1948;testperfs.learner.1948;testperfs.learner.1948;testperfs.learner.1948@noemail.net;Learner;testperfs.learners
testperfs.learner.1949;testperfs.learner.1949;testperfs.learner.1949;testperfs.learner.1949@noemail.net;Learner;testperfs.learners
testperfs.learner.1950;testperfs.learner.1950;testperfs.learner.1950;testperfs.learner.1950@noemail.net;Learner;testperfs.learners
testperfs.learner.1951;testperfs.learner.1951;testperfs.learner.1951;testperfs.learner.1951@noemail.net;Learner;testperfs.learners
testperfs.learner.1952;testperfs.learner.1952;testperfs.learner.1952;testperfs.learner.1952@noemail.net;Learner;testperfs.learners
testperfs.learner.1953;testperfs.learner.1953;testperfs.learner.1953;testperfs.learner.1953@noemail.net;Learner;testperfs.learners
testperfs.learner.1954;testperfs.learner.1954;testperfs.learner.1954;testperfs.learner.1954@noemail.net;Learner;testperfs.learners
testperfs.learner.1955;testperfs.learner.1955;testperfs.learner.1955;testperfs.learner.1955@noemail.net;Learner;testperfs.learners
testperfs.learner.1956;testperfs.learner.1956;testperfs.learner.1956;testperfs.learner.1956@noemail.net;Learner;testperfs.learners
testperfs.learner.1957;testperfs.learner.1957;testperfs.learner.1957;testperfs.learner.1957@noemail.net;Learner;testperfs.learners
testperfs.learner.1958;testperfs.learner.1958;testperfs.learner.1958;testperfs.learner.1958@noemail.net;Learner;testperfs.learners
testperfs.learner.1959;testperfs.learner.1959;testperfs.learner.1959;testperfs.learner.1959@noemail.net;Learner;testperfs.learners
testperfs.learner.1960;testperfs.learner.1960;testperfs.learner.1960;testperfs.learner.1960@noemail.net;Learner;testperfs.learners
testperfs.learner.1961;testperfs.learner.1961;testperfs.learner.1961;testperfs.learner.1961@noemail.net;Learner;testperfs.learners
testperfs.learner.1962;testperfs.learner.1962;testperfs.learner.1962;testperfs.learner.1962@noemail.net;Learner;testperfs.learners
testperfs.learner.1963;testperfs.learner.1963;testperfs.learner.1963;testperfs.learner.1963@noemail.net;Learner;testperfs.learners
testperfs.learner.1964;testperfs.learner.1964;testperfs.learner.1964;testperfs.learner.1964@noemail.net;Learner;testperfs.learners
testperfs.learner.1965;testperfs.learner.1965;testperfs.learner.1965;testperfs.learner.1965@noemail.net;Learner;testperfs.learners
testperfs.learner.1966;testperfs.learner.1966;testperfs.learner.1966;testperfs.learner.1966@noemail.net;Learner;testperfs.learners
testperfs.learner.1967;testperfs.learner.1967;testperfs.learner.1967;testperfs.learner.1967@noemail.net;Learner;testperfs.learners
testperfs.learner.1968;testperfs.learner.1968;testperfs.learner.1968;testperfs.learner.1968@noemail.net;Learner;testperfs.learners
testperfs.learner.1969;testperfs.learner.1969;testperfs.learner.1969;testperfs.learner.1969@noemail.net;Learner;testperfs.learners
testperfs.learner.1970;testperfs.learner.1970;testperfs.learner.1970;testperfs.learner.1970@noemail.net;Learner;testperfs.learners
testperfs.learner.1971;testperfs.learner.1971;testperfs.learner.1971;testperfs.learner.1971@noemail.net;Learner;testperfs.learners
testperfs.learner.1972;testperfs.learner.1972;testperfs.learner.1972;testperfs.learner.1972@noemail.net;Learner;testperfs.learners
testperfs.learner.1973;testperfs.learner.1973;testperfs.learner.1973;testperfs.learner.1973@noemail.net;Learner;testperfs.learners
testperfs.learner.1974;testperfs.learner.1974;testperfs.learner.1974;testperfs.learner.1974@noemail.net;Learner;testperfs.learners
testperfs.learner.1975;testperfs.learner.1975;testperfs.learner.1975;testperfs.learner.1975@noemail.net;Learner;testperfs.learners
testperfs.learner.1976;testperfs.learner.1976;testperfs.learner.1976;testperfs.learner.1976@noemail.net;Learner;testperfs.learners
testperfs.learner.1977;testperfs.learner.1977;testperfs.learner.1977;testperfs.learner.1977@noemail.net;Learner;testperfs.learners
testperfs.learner.1978;testperfs.learner.1978;testperfs.learner.1978;testperfs.learner.1978@noemail.net;Learner;testperfs.learners
testperfs.learner.1979;testperfs.learner.1979;testperfs.learner.1979;testperfs.learner.1979@noemail.net;Learner;testperfs.learners
testperfs.learner.1980;testperfs.learner.1980;testperfs.learner.1980;testperfs.learner.1980@noemail.net;Learner;testperfs.learners
testperfs.learner.1981;testperfs.learner.1981;testperfs.learner.1981;testperfs.learner.1981@noemail.net;Learner;testperfs.learners
testperfs.learner.1982;testperfs.learner.1982;testperfs.learner.1982;testperfs.learner.1982@noemail.net;Learner;testperfs.learners
testperfs.learner.1983;testperfs.learner.1983;testperfs.learner.1983;testperfs.learner.1983@noemail.net;Learner;testperfs.learners
testperfs.learner.1984;testperfs.learner.1984;testperfs.learner.1984;testperfs.learner.1984@noemail.net;Learner;testperfs.learners
testperfs.learner.1985;testperfs.learner.1985;testperfs.learner.1985;testperfs.learner.1985@noemail.net;Learner;testperfs.learners
testperfs.learner.1986;testperfs.learner.1986;testperfs.learner.1986;testperfs.learner.1986@noemail.net;Learner;testperfs.learners
testperfs.learner.1987;testperfs.learner.1987;testperfs.learner.1987;testperfs.learner.1987@noemail.net;Learner;testperfs.learners
testperfs.learner.1988;testperfs.learner.1988;testperfs.learner.1988;testperfs.learner.1988@noemail.net;Learner;testperfs.learners
testperfs.learner.1989;testperfs.learner.1989;testperfs.learner.1989;testperfs.learner.1989@noemail.net;Learner;testperfs.learners
testperfs.learner.1990;testperfs.learner.1990;testperfs.learner.1990;testperfs.learner.1990@noemail.net;Learner;testperfs.learners
testperfs.learner.1991;testperfs.learner.1991;testperfs.learner.1991;testperfs.learner.1991@noemail.net;Learner;testperfs.learners
testperfs.learner.1992;testperfs.learner.1992;testperfs.learner.1992;testperfs.learner.1992@noemail.net;Learner;testperfs.learners
testperfs.learner.1993;testperfs.learner.1993;testperfs.learner.1993;testperfs.learner.1993@noemail.net;Learner;testperfs.learners
testperfs.learner.1994;testperfs.learner.1994;testperfs.learner.1994;testperfs.learner.1994@noemail.net;Learner;testperfs.learners
testperfs.learner.1995;testperfs.learner.1995;testperfs.learner.1995;testperfs.learner.1995@noemail.net;Learner;testperfs.learners
testperfs.learner.1996;testperfs.learner.1996;testperfs.learner.1996;testperfs.learner.1996@noemail.net;Learner;testperfs.learners
testperfs.learner.1997;testperfs.learner.1997;testperfs.learner.1997;testperfs.learner.1997@noemail.net;Learner;testperfs.learners
testperfs.learner.1998;testperfs.learner.1998;testperfs.learner.1998;testperfs.learner.1998@noemail.net;Learner;testperfs.learners
testperfs.learner.1999;testperfs.learner.1999;testperfs.learner.1999;testperfs.learner.1999@noemail.net;Learner;testperfs.learners
testperfs.learner.2000;testperfs.learner.2000;testperfs.learner.2000;testperfs.learner.2000@noemail.net;Learner;testperfs.learners
