10;;;;;;
11;user11;user11;user11;user11@noemail.net;Learner;testperfs
12;user12;user12;user12;user12@noemail.net;Learner;testperfs
13;user13;user13;user13;user13@noemail.net;Learner;testperfs
14;user14;user14;user14;user14@noemail.net;Learner;testperfs
15;user15;user15;user15;user15@noemail.net;Learner;testperfs
16;user16;user16;user16;user16@noemail.net;Learner;testperfs
17;user17;user17;user17;user17@noemail.net;Learner;testperfs
18;user18;user18;user18;user18@noemail.net;Learner;testperfs
19;user19;user19;user19;user19@noemail.net;Learner;testperfs
20;user20;user20;user20;user20@noemail.net;Learner;testperfs
21;user21;user21;user21;user21@noemail.net;Learner;testperfs
22;user22;user22;user22;user22@noemail.net;Learner;testperfs
23;user23;user23;user23;user23@noemail.net;Learner;testperfs
24;user24;user24;user24;user24@noemail.net;Learner;testperfs
25;user25;user25;user25;user25@noemail.net;Learner;testperfs
26;user26;user26;user26;user26@noemail.net;Learner;testperfs
27;user27;user27;user27;user27@noemail.net;Learner;testperfs
28;user28;user28;user28;user28@noemail.net;Learner;testperfs
29;user29;user29;user29;user29@noemail.net;Learner;testperfs
30;user30;user30;user30;user30@noemail.net;Learner;testperfs
31;user31;user31;user31;user31@noemail.net;Learner;testperfs
32;user32;user32;user32;user32@noemail.net;Learner;testperfs
33;user33;user33;user33;user33@noemail.net;Learner;testperfs
34;user34;user34;user34;user34@noemail.net;Learner;testperfs
35;user35;user35;user35;user35@noemail.net;Learner;testperfs
36;user36;user36;user36;user36@noemail.net;Learner;testperfs
37;user37;user37;user37;user37@noemail.net;Learner;testperfs
38;user38;user38;user38;user38@noemail.net;Learner;testperfs
39;user39;user39;user39;user39@noemail.net;Learner;testperfs
40;user40;user40;user40;user40@noemail.net;Learner;testperfs
41;user41;user41;user41;user41@noemail.net;Learner;testperfs
42;user42;user42;user42;user42@noemail.net;Learner;testperfs
43;user43;user43;user43;user43@noemail.net;Learner;testperfs
44;user44;user44;user44;user44@noemail.net;Learner;testperfs
45;user45;user45;user45;user45@noemail.net;Learner;testperfs
46;user46;user46;user46;user46@noemail.net;Learner;testperfs
47;user47;user47;user47;user47@noemail.net;Learner;testperfs
48;user48;user48;user48;user48@noemail.net;Learner;testperfs
49;user49;user49;user49;user49@noemail.net;Learner;testperfs
50;user50;user50;user50;user50@noemail.net;Learner;testperfs
51;user51;user51;user51;user51@noemail.net;Learner;testperfs
52;user52;user52;user52;user52@noemail.net;Learner;testperfs
53;user53;user53;user53;user53@noemail.net;Learner;testperfs
54;user54;user54;user54;user54@noemail.net;Learner;testperfs
55;user55;user55;user55;user55@noemail.net;Learner;testperfs
56;user56;user56;user56;user56@noemail.net;Learner;testperfs
57;user57;user57;user57;user57@noemail.net;Learner;testperfs
58;user58;user58;user58;user58@noemail.net;Learner;testperfs
59;user59;user59;user59;user59@noemail.net;Learner;testperfs
60;user60;user60;user60;user60@noemail.net;Learner;testperfs
61;user61;user61;user61;user61@noemail.net;Learner;testperfs
62;user62;user62;user62;user62@noemail.net;Learner;testperfs
63;user63;user63;user63;user63@noemail.net;Learner;testperfs
64;user64;user64;user64;user64@noemail.net;Learner;testperfs
65;user65;user65;user65;user65@noemail.net;Learner;testperfs
66;user66;user66;user66;user66@noemail.net;Learner;testperfs
67;user67;user67;user67;user67@noemail.net;Learner;testperfs
68;user68;user68;user68;user68@noemail.net;Learner;testperfs
69;user69;user69;user69;user69@noemail.net;Learner;testperfs
70;user70;user70;user70;user70@noemail.net;Learner;testperfs
71;user71;user71;user71;user71@noemail.net;Learner;testperfs
72;user72;user72;user72;user72@noemail.net;Learner;testperfs
73;user73;user73;user73;user73@noemail.net;Learner;testperfs
74;user74;user74;user74;user74@noemail.net;Learner;testperfs
75;user75;user75;user75;user75@noemail.net;Learner;testperfs
76;user76;user76;user76;user76@noemail.net;Learner;testperfs
77;user77;user77;user77;user77@noemail.net;Learner;testperfs
78;user78;user78;user78;user78@noemail.net;Learner;testperfs
79;user79;user79;user79;user79@noemail.net;Learner;testperfs
80;user80;user80;user80;user80@noemail.net;Learner;testperfs
81;user81;user81;user81;user81@noemail.net;Learner;testperfs
82;user82;user82;user82;user82@noemail.net;Learner;testperfs
83;user83;user83;user83;user83@noemail.net;Learner;testperfs
84;user84;user84;user84;user84@noemail.net;Learner;testperfs
85;user85;user85;user85;user85@noemail.net;Learner;testperfs
86;user86;user86;user86;user86@noemail.net;Learner;testperfs
87;user87;user87;user87;user87@noemail.net;Learner;testperfs
88;user88;user88;user88;user88@noemail.net;Learner;testperfs